com.ropeok.Api:323,src/main/java/com/ropeok/Api.java:323
com.ropeok.Api:159,src/main/java/com/ropeok/Api.java:159
com.ropeok.Api:494,src/main/java/com/ropeok/Api.java:494
com.ropeok.Api:135,src/main/java/com/ropeok/Api.java:135
com.ropeok.Api:167,src/main/java/com/ropeok/Api.java:167
com.ropeok.Api:171,src/main/java/com/ropeok/Api.java:171
com.ropeok.Api:423,src/main/java/com/ropeok/Api.java:423
com.ropeok.Api:450,src/main/java/com/ropeok/Api.java:450
com.ropeok.Api:100,src/main/java/com/ropeok/Api.java:100
com.ropeok.Api:106,src/main/java/com/ropeok/Api.java:106
com.ropeok.Api:116,src/main/java/com/ropeok/Api.java:116
com.ropeok.Api:420,src/main/java/com/ropeok/Api.java:420
com.ropeok.Api:428,src/main/java/com/ropeok/Api.java:428
com.ropeok.Api:160,src/main/java/com/ropeok/Api.java:160
com.ropeok.Api:90,src/main/java/com/ropeok/Api.java:90
com.ropeok.auth.Login:33,src/main/java/com/ropeok/auth/Login.java:33
com.ropeok.auth.Login:43,src/main/java/com/ropeok/auth/Login.java:43
